pr_id;merged_using
335324164;
335266378;
335014214;
334805020;
333555267;
332854133;
332802317;
332328435;
332317009;unknown
332240300;
331977414;
331876579;
331752224;
331723965;
331136505;
331032560;unknown
330779070;
330598435;
330597956;
330047799;
330045537;
329897478;
329590265;
329542014;
329496916;
329328979;
329286044;
329209322;
329190736;
329053655;
328833351;
328828367;
328697901;
328618028;
328274593;
328246102;
328037745;
327958452;
327945063;
327875174;
327771898;
327769067;
327760530;
327602334;
327594890;
327539926;
327148485;
327014856;
326181621;
325989323;
325725843;
325512454;
325449976;
325439283;
325423953;
325204534;
325086257;
324984254;unknown
324969360;
324908232;
324371167;
324164910;
323795086;
323730855;
323561596;
323477615;
323401306;
322089926;
322006048;unknown
322003477;
321870047;
321471826;
321426844;
321176486;
321099420;
321000524;
320552544;
320495756;
320486680;
320480322;
320450516;
319843739;
319587693;
319390864;merged_in_comments
319062392;
318449366;
318382302;
318239593;
317649029;
317609871;
317523993;
317126642;
316939581;
316742652;
316595977;
316529991;
316220878;unknown
316147796;
316147113;
315767583;unknown
315465116;
315342503;
315235564;
315203109;
315160719;
315102511;
314700821;
314553533;
314324518;unknown
313822438;
313821706;
313699165;
313609422;
313556050;
313470371;
313236417;
313127988;
313125676;
313062973;
312956011;
312819511;
312746317;
312508270;
312495498;
312389980;
312277393;
312154680;
311863445;
311837287;
311750401;
311518997;
311417782;
311360417;
311091410;
310936860;
310933487;
310931541;
310705768;unknown
310646099;
310552466;
309847292;
309693287;
309672906;
309566432;
309519581;unknown
309411436;
309364460;unknown
309188400;
309074906;unknown
309036157;unknown
309001924;
308429686;
308393916;
308338565;
308324995;
308305489;
308266114;
308260254;
308258329;
308216796;
307832279;
307794822;
307569366;
306986080;
306964238;unknown
306738642;
306704206;
306377336;
306375365;
306219517;
306189706;
306150259;
306073173;
306058685;unknown
306050764;
306040939;
305800337;
305790477;
305681162;
305399961;
305316232;
304948095;
304936828;
304934336;
304884318;
304819373;
304691644;
304531840;
304492625;unknown
304480601;
304434338;
304429896;
304393692;
304099538;
304082622;unknown
304024750;
303839825;
303621546;
303223938;
302804803;unknown
302802878;
302627715;
302408715;
302284517;
302273661;
302105344;unknown
302075543;
301947696;
301535821;
301476122;
301460787;
301337851;
301269985;
301232995;unknown
301215416;
301065430;
301030986;
300913713;
300899732;
300669787;
300643498;
300546819;
300457862;
300215995;
300024276;
299826295;
299824316;unknown
299770268;
299737659;
299617015;unknown
299424685;unknown
298990084;
298962768;
298805803;
298386545;
298325070;merged_in_comments
298279313;
298272906;unknown
298245010;
298001088;
297820379;
297457993;
297440675;unknown
297270022;
296977010;
296275972;
296207407;
296192288;
296040783;
295899141;
295643050;unknown
295615234;
295498123;unknown
295242425;
295105844;
295104543;
294434653;
294412938;
294375350;
294277124;
294018169;
293998049;unknown
293992045;
293991360;
293589155;
293544616;
293358160;unknown
293239439;
293119550;
293042397;
293013100;
292804843;
292755228;
292718718;
292718377;
292665962;unknown
292257564;
292210706;
292023730;
291762706;
291578130;
291326464;unknown
291226923;unknown
291059666;
291053589;unknown
291052094;unknown
291039052;
290948983;
290858731;
290568390;unknown
290542492;unknown
289516772;
289440326;
289049046;unknown
289019281;
288814331;unknown
288614568;
288600932;
288598375;
288571958;
288534908;unknown
288516654;
288231360;
288047742;unknown
287760265;
287719582;
287653489;
287642237;
287635976;
287347759;
287195162;
287055017;
287038036;
287003053;
286578582;unknown
286530485;
286498152;
286487845;
286434820;unknown
286424464;unknown
286384898;
286248605;
286142930;
286079508;
285978177;
285942053;
285932112;
285776260;
285720082;
285592293;
285582169;
285580654;
285577821;
285537565;
285246386;
285227080;
285143480;
285109698;
285077122;
285050349;
285010396;
284866348;
284810849;
284738100;
284605969;
284499011;
284347409;unknown
284333493;
284321769;
284308535;
284302682;
284301637;
284300858;
284300849;
284300777;
284300102;
284299306;
284298674;
284298609;
284298347;unknown
284297648;
284297240;
284296914;
284296135;unknown
284294982;
284293921;
284289023;
284281091;
284151863;
284104936;
284032789;
283938904;
283923856;unknown
283920604;
283908737;
283770002;unknown
283754325;
283646372;
283508812;unknown
283437802;
283372405;
283367455;unknown
283216765;
283216057;
283162428;
283159431;
283127804;unknown
283104533;
283090968;
283019524;unknown
282946937;
282695508;
282641073;
282489028;
282475082;
282233906;
282211599;
282181022;
282180941;
281940941;
281901023;
281741847;unknown
281698591;
281541778;
281395048;
281389340;
281270906;
281037857;unknown
280903565;
280895792;
280581100;
280549819;
280548768;
280519322;
280480271;
280469403;
280241802;
280187128;
280057150;
280049749;
280018979;
279950772;
279780402;
279590706;
279450256;
279335402;
279312587;
279282053;
279252297;
279220264;
278893552;
278844376;
278841959;
278633975;unknown
278162194;
278135375;unknown
278053655;
278042196;unknown
278015051;
277972637;unknown
277929627;unknown
277853956;unknown
277718146;
277658372;
277566027;
277552393;
277526292;unknown
277478855;
277470969;unknown
277465541;
277388608;
277386086;
277350335;
277123283;
276996294;
276859205;
276841205;unknown
276771987;
276344563;
275948433;
275947301;
275921890;
275887544;unknown
275838536;
275836791;unknown
275604433;
275602631;
275600758;
275598482;
275593241;
275583266;
275466403;unknown
275289963;
275169520;
275103903;
274684737;unknown
274353477;
274349506;
274193146;
274158541;
274075888;
274068037;
273949914;
273948111;
273644128;
273641788;
273601854;
273411256;unknown
273406649;
273394429;
273381250;
273372980;
273331993;
273327294;
273298436;
273246453;merged_in_comments
273036829;
272747679;unknown
272678142;
272529986;
272512458;
272481188;
272367538;unknown
272207220;
272204709;
272201090;
271875863;
271718034;
271577614;
271577326;
271576101;
271386988;
271255708;
271192751;
271109435;unknown
270907348;
270589438;
270444528;
270368589;
270364581;
270211703;unknown
270121686;
270116343;
270091572;unknown
269946599;
269925200;
269875888;
269812440;
269663750;
269385254;
269096812;unknown
269090445;unknown
268991949;unknown
268705103;
268683346;
268577724;
268546699;
268523988;
268346464;merged_in_comments
268314139;
268108914;
268084202;
268082446;unknown
268069387;unknown
268058775;
268058102;
268057639;
268054287;
268038020;
268029514;
268022905;
268021679;
267864643;
267685222;
267386418;merged_in_comments
267372100;unknown
267274427;
267179673;
267048268;
266657127;
266634017;unknown
266570826;
266558281;
266504640;unknown
266494962;
266481473;unknown
266480624;
266480130;
266479780;
266479175;
266206331;
266175228;
266170409;
266164152;unknown
266069573;
266028946;
265990207;
265986968;
265963912;
265946434;
265915948;
265693236;
265606150;unknown
265522561;
265438221;
265231550;unknown
265223500;
265206752;
265204827;
265182478;unknown
265176505;
265069804;
264834637;
264804524;unknown
264686871;
264630880;
264565270;
264548538;unknown
264532304;
264485538;
264433848;unknown
264401015;
264399989;
264339943;
264338577;
264216901;
264095777;
264072819;
264050907;
264020745;
264003217;unknown
263967242;
263900075;unknown
263887863;
263874629;
263856738;
263820197;unknown
263801784;
263641214;
263613757;
263608141;
263593252;unknown
263554035;
263511543;
263489857;
263486259;
263480862;unknown
263268032;
263189467;unknown
263155142;
263111391;
262956823;
262924686;
262906493;
262852685;unknown
262822613;unknown
262802834;
262726161;
262726045;
262715849;unknown
262712838;
262695040;
262581394;
262539159;
262519410;
262477279;
262462407;unknown
262371468;
262325464;
262320253;
262305354;unknown
262162844;
262150282;
262106895;
262014057;unknown
261988506;
261937625;
261848628;unknown
261823213;
261776803;
261744269;unknown
261707063;
261667268;
261641845;
261597653;
261530608;unknown
261271110;
261231675;
261092773;unknown
261078712;unknown
261072926;
260792599;unknown
260751161;unknown
260703901;unknown
260638987;
260607934;
260579109;
260455669;unknown
260398704;
259894152;unknown
259846883;
259832449;unknown
259814445;unknown
259793082;
259726820;unknown
259726702;
259669498;
259545109;unknown
259522345;unknown
259387983;
259110019;
259085919;
259075092;unknown
259074465;unknown
259036165;unknown
259034217;
258706470;
258705089;
258649712;unknown
258597679;
258547644;
258179730;
258111353;
258104779;unknown
258093122;
258090003;unknown
258085359;
258048689;
257761449;merged_in_comments
257716286;
257673738;
257666477;
257650037;
257619390;
257470239;unknown
257365304;
257356942;unknown
257329224;
257321991;
257319496;
257318884;
257316262;
257282340;
257258587;unknown
256916532;
256915181;
256845941;
256818644;
256815931;
256797205;
256796230;
256794162;
256631849;
256575250;unknown
256529523;unknown
256191259;
255806553;merged_in_comments
255694965;unknown
255694015;
255670221;
255601310;
255597591;
255541258;
255539646;unknown
255516938;
255505746;
255505571;
255352069;
255264823;
255247109;
255234190;unknown
255203913;
255193514;
255179682;
255066580;
254998142;
254977416;
254975539;unknown
254855957;unknown
254843040;
254707673;
254593474;
254592733;
254541968;
254541781;
254541607;
254518441;
254508649;
254500225;
254236031;
254234632;
254233577;
254230839;
254210876;unknown
254134867;
254125593;
254119552;
254117501;unknown
254116475;
254112666;
254108143;
254101806;
254090839;unknown
254046758;
253892808;unknown
253840652;
253738520;
253726953;
253597475;
253447899;
253430408;unknown
252988435;unknown
252945396;
252934334;
252926924;
252582849;
252571409;
252108549;
252070905;unknown
251887219;unknown
251874691;
251801681;unknown
251727517;
251704048;unknown
251680309;unknown
251622452;
251403844;
251319013;
251314375;
251314168;
251313939;
251256742;unknown
251106773;
251087038;unknown
250963487;unknown
250893490;unknown
250846985;
250486982;
250395946;unknown
250364749;
250327724;
250287796;
250252964;
250168585;
250167866;
249992035;
249919475;unknown
249869590;
249860936;
249860395;
249794102;
249604732;unknown
249312527;
249299415;
249234694;
249229776;unknown
249164443;
249141395;
249129128;unknown
249096829;
249092440;
248879757;
248709525;
248602340;unknown
248460268;
248280810;
248115974;
248093697;
248055711;
247985433;
247960122;
247944101;
247937256;
247852635;
247848169;unknown
247577727;
247108092;
246953872;
246912566;
246906241;
246888997;
246750496;
246737745;
246522969;
246486330;
246348986;
246132537;
246131568;
246130626;
246118341;
246097884;
245986151;
245929822;
245929251;
245864618;unknown
245768821;
245736646;
245682028;
245672258;
245662071;
245576756;
245166441;unknown
245158918;unknown
245089147;unknown
244986944;
244817588;unknown
244754076;unknown
244688922;unknown
244666813;
244662837;
244561455;unknown
244549551;
244416920;
244352251;unknown
244315835;unknown
244135816;
244127262;
243997034;unknown
243869522;unknown
243317535;
243313156;
243291316;
243196021;
242956162;
242850700;unknown
242803768;
242615100;
242462048;
242430564;
242177435;
242166007;unknown
242149505;
241958722;unknown
241954398;
241950609;
241945918;
241657287;
241656669;unknown
241635654;
241635621;unknown
241502601;
241488876;unknown
241424722;
240859049;
240808541;
240786854;
240685441;
240648376;unknown
240584584;
240580683;
240494264;
240410692;unknown
240368636;
240301093;unknown
239666096;
239446574;
239377539;
239045944;
239035999;unknown
238823889;
238600786;unknown
238586849;unknown
238582487;unknown
238560069;
238437455;
238225968;
238187659;
237856486;
237821485;
237789950;
237593509;
237578565;
237564387;
237484073;
237484042;
237439146;unknown
237193640;
237144458;unknown
236999731;unknown
236992785;unknown
236641524;
236504097;
236080106;
236068103;unknown
235994598;unknown
235900410;
235800772;
235663867;
235329145;
235275317;
235158264;
235147187;
234853640;unknown
234806568;
234760814;unknown
234516588;
234284458;
234279592;
234003592;
233821771;unknown
233819889;
233666579;
233058374;
232921596;unknown
232827582;
232430130;
232353561;
232299642;
232276924;unknown
232189745;
232179705;
232045234;
231823468;
231769924;
231765168;
231742330;
231574304;
231434812;
231432139;
231429416;
231219894;unknown
231206512;
231018999;unknown
230996996;
230872146;
230848749;unknown
230584967;
230341853;
230269679;
230045142;
230013440;
229992225;
229933394;
229928946;unknown
229875484;
229869452;
229869175;
229869097;
229820649;
229596295;
229276991;
229275700;
228987437;
228933755;
228300286;
228218131;
228159269;
228020913;
228005943;
227550577;
227544272;
227542990;
227474497;unknown
227071930;
226951100;
226830905;
226423639;
226414765;
226295743;
226241296;unknown
226182349;
226055141;
226019266;
226012445;unknown
225974493;
225925299;
225690701;
225630565;
225627890;
225614539;
225554961;
225531106;unknown
225519336;unknown
225493952;unknown
225372688;
225280727;
225205128;unknown
225157832;
225061260;unknown
225042331;
224973770;
224819614;
224767816;unknown
224681184;unknown
224579284;
224561890;
224524344;unknown
224463553;unknown
224462940;unknown
224461684;
224404270;
224180882;
224175205;unknown
224161794;
224158482;unknown
224156164;
224078260;
223712615;
223177040;
223144113;unknown
223118261;
223064088;
222934222;
222638000;
222581754;unknown
222392663;
